Iteration,Particle,Val_Loss,LR,Batch,Alpha,Gamma,Conv_Out,LSTM_Hidden
1,1,0.17383228242397308,0.00599,21,0.63,1.1,9,61
1,2,0.1544145941734314,0.07887,106,0.41,0.84,24,37
1,3,0.012041430920362473,0.00023,71,0.22,3.68,14,47
1,4,0.1724061369895935,0.00086,74,0.58,1.15,31,53
1,5,0.03182925283908844,0.06584,116,0.62,3.73,10,25
1,6,0.11970524489879608,0.00014,52,0.47,1.45,27,33
1,7,0.0203216765075922,0.0007,76,0.3,3.31,9,63
1,8,0.01298295147716999,0.02074,38,0.2,3.35,24,50
1,9,0.16175636649131775,0.0206,24,0.45,0.91,28,45
1,10,0.08283655345439911,0.00098,23,0.42,1.64,25,46
2,1,0.011596666648983955,0.00763,33,0.27,3.86,14,57
2,2,0.013995053246617317,0.00019,93,0.32,4.0,13,48
2,3,0.011599438264966011,0.00017,72,0.21,3.69,15,46
2,4,0.01309259794652462,0.00012,75,0.2,3.4,10,47
2,5,0.02519560419023037,0.00067,86,0.51,3.81,12,24
2,6,0.008541028015315533,0.0003,57,0.2,4.0,8,39
2,7,0.011703772470355034,0.00056,68,0.27,3.98,14,43
2,8,0.011501883156597614,0.00269,54,0.2,3.45,23,47
2,9,0.06168239191174507,0.0001,75,0.25,1.48,16,47
2,10,0.010110931470990181,0.00072,58,0.2,3.75,13,47
3,1,0.007863078266382217,0.00112,48,0.2,4.0,17,51
3,2,0.008827455341815948,0.0001,85,0.2,4.0,8,53
3,3,0.009491987526416779,0.00022,63,0.2,3.89,11,39
3,4,0.009122056886553764,0.00011,74,0.2,4.0,8,34
3,5,0.018369033932685852,0.0001,64,0.43,4.0,13,37
3,6,0.008675917983055115,0.00044,60,0.2,4.0,8,42
3,7,0.00869691837579012,0.00021,58,0.2,4.0,15,33
3,8,0.008697522804141045,0.0007,62,0.2,4.0,20,41
3,9,0.019921597093343735,0.0001,100,0.2,2.83,8,39
3,10,0.008703191764652729,0.00027,75,0.2,4.0,8,46
4,1,0.008565748110413551,0.00043,55,0.2,4.0,18,49
4,2,0.00867338478565216,0.0001,53,0.2,4.0,8,55
4,3,0.00839942879974842,0.00033,43,0.2,4.0,17,42
4,4,0.00868032407015562,0.00028,39,0.2,4.0,8,53
4,5,0.008793358691036701,0.0001,31,0.2,4.0,14,55
4,6,0.00827835127711296,0.0014,49,0.2,4.0,9,50
4,7,0.008379866369068623,0.00055,39,0.2,4.0,18,53
4,8,0.008480330929160118,0.00049,53,0.2,4.0,17,44
4,9,0.008760491386055946,0.00035,107,0.2,4.0,13,45
4,10,0.008513043634593487,0.00032,50,0.2,4.0,16,52
5,1,0.008305384777486324,0.00383,47,0.2,4.0,16,53
5,2,0.008043359033763409,0.00132,29,0.2,4.0,12,55
5,3,0.00807949248701334,0.00095,40,0.2,4.0,20,47
5,4,0.008456096984446049,0.00052,23,0.2,4.0,8,61
5,5,0.008591820485889912,0.0001,23,0.2,4.0,17,63
5,6,0.007672311272472143,0.00234,43,0.2,4.0,12,54
5,7,0.007649595383554697,0.00103,36,0.2,4.0,18,61
5,8,0.008403165265917778,0.00043,42,0.2,4.0,15,56
5,9,0.0084523381665349,0.00072,85,0.2,4.0,17,50
5,10,0.007825158536434174,0.0007,36,0.2,4.0,21,54
6,1,0.007611812558025122,0.00234,40,0.2,4.0,17,57
6,2,0.007390541490167379,0.00461,23,0.2,4.0,16,59
6,3,0.007591734640300274,0.00171,38,0.2,4.0,21,64
6,4,0.008096905425190926,0.001,30,0.2,4.0,19,64
6,5,0.008206362836062908,0.00051,27,0.2,4.0,20,64
6,6,0.007503412663936615,0.00259,32,0.2,4.0,14,64
6,7,0.008209026418626308,0.0014,34,0.2,4.0,18,64
6,8,0.008133483119308949,0.0005,29,0.2,4.0,16,64
6,9,0.007415936794131994,0.00128,16,0.2,4.0,19,58
6,10,0.0074205175042152405,0.00159,29,0.2,4.0,22,61
7,1,0.007512923330068588,0.00289,33,0.2,4.0,18,62
7,2,0.007986373268067837,0.00861,20,0.2,4.0,18,62
7,3,0.007617597468197346,0.00758,37,0.2,4.0,18,64
7,4,0.007370832376182079,0.00305,30,0.2,4.0,24,63
7,5,0.007754072546958923,0.00184,28,0.2,4.0,16,62
7,6,0.008104247972369194,0.00451,18,0.2,4.0,16,62
7,7,0.0074735768139362335,0.00196,29,0.2,4.0,17,59
7,8,0.007908848114311695,0.00068,16,0.2,4.0,16,64
7,9,0.007297693286091089,0.00183,16,0.2,4.0,17,63
7,10,0.007278193719685078,0.00555,21,0.2,4.0,21,64
8,1,0.007563221268355846,0.00598,26,0.2,4.0,23,64
8,2,0.0072884755209088326,0.01026,20,0.2,4.0,19,64
8,3,0.00706933718174696,0.00838,25,0.2,4.0,21,64
8,4,0.010066354647278786,0.00603,18,0.2,4.0,24,63
8,5,0.007544705178588629,0.00467,19,0.2,4.0,18,61
8,6,0.008084895089268684,0.0062,17,0.2,4.0,18,63
8,7,0.007362020667642355,0.00364,22,0.2,4.0,19,60
8,8,0.008086839690804482,0.00638,17,0.2,4.0,17,64
8,9,0.007618180476129055,0.00589,16,0.2,4.0,18,64
8,10,0.007042387966066599,0.01036,18,0.2,4.0,20,64
9,1,0.0074050514958798885,0.01347,31,0.2,4.0,20,64
9,2,0.007803574204444885,0.01136,19,0.2,4.0,21,64
9,3,0.00817516166716814,0.01164,16,0.2,4.0,22,64
9,4,0.007319703698158264,0.00507,27,0.2,4.0,22,63
9,5,0.008293567225337029,0.00782,16,0.2,4.0,20,63
9,6,0.007947968319058418,0.0026,18,0.2,4.0,15,64
9,7,0.007876257412135601,0.02184,16,0.2,4.0,22,62
9,8,0.008667787536978722,0.03431,17,0.2,4.0,18,64
9,9,0.008058140985667706,0.00702,16,0.2,4.0,18,64
9,10,0.008122424595057964,0.01416,16,0.2,4.0,20,64
10,1,0.007855558767914772,0.02017,28,0.2,4.0,19,64
10,2,0.008847882971167564,0.01,18,0.2,4.0,20,64
10,3,0.008012312464416027,0.00749,21,0.2,4.0,21,64
10,4,0.007772458251565695,0.00972,31,0.2,4.0,21,63
10,5,0.008292535319924355,0.011,17,0.2,4.0,19,63
10,6,0.00765290716663003,0.00796,31,0.2,4.0,13,64
10,7,0.008502076379954815,0.01511,23,0.2,4.0,19,63
10,8,0.007706140633672476,0.00057,16,0.2,4.0,19,64
10,9,0.009342682547867298,0.00584,16,0.2,4.0,21,64
10,10,0.00733979931101203,0.01155,20,0.2,4.0,20,64
11,1,0.0068819960579276085,0.01316,27,0.2,4.0,20,64
11,2,0.00898000504821539,0.01004,19,0.2,4.0,19,64
11,3,0.009428640827536583,0.00707,23,0.2,4.0,19,64
11,4,0.008651643060147762,0.01268,17,0.2,4.0,22,63
11,5,0.008024299517273903,0.01068,19,0.2,4.0,19,62
11,6,0.0075340853072702885,0.01291,37,0.2,4.0,22,64
11,7,0.007571723312139511,0.00706,24,0.2,4.0,19,63
11,8,0.007620717398822308,0.00082,17,0.2,4.0,21,64
11,9,0.008426323533058167,0.00415,17,0.2,4.0,19,63
11,10,0.008362699300050735,0.00827,19,0.2,4.0,21,64
12,1,0.006441277917474508,0.01063,27,0.2,4.0,21,64
12,2,0.011701172217726707,0.01268,32,0.2,4.0,19,64
12,3,0.0076137869618833065,0.01165,27,0.2,4.0,21,64
12,4,0.007642942015081644,0.00542,39,0.2,4.0,21,63
12,5,0.007734786719083786,0.00424,29,0.2,4.0,19,62
12,6,0.007813305594027042,0.00696,25,0.2,4.0,13,64
12,7,0.00735468277707696,0.00565,24,0.2,4.0,21,61
12,8,0.00788636039942503,0.00781,27,0.2,4.0,22,64
12,9,0.008503035642206669,0.00679,28,0.2,4.0,18,63
12,10,0.007492543198168278,0.00763,25,0.2,4.0,20,64
13,1,0.008349258452653885,0.00955,27,0.2,4.0,21,64
13,2,0.00766106229275465,0.01151,25,0.2,4.0,20,64
13,3,0.00843584630638361,0.00906,29,0.2,4.0,21,64
13,4,0.008648869581520557,0.00769,28,0.2,4.0,20,63
13,5,0.007954727858304977,0.00853,30,0.2,4.0,19,62
13,6,0.007355008274316788,0.00496,30,0.2,4.0,17,64
13,7,0.0073063066229224205,0.01102,26,0.2,4.0,21,62
13,8,0.007448806427419186,0.00203,21,0.2,4.0,22,64
13,9,0.007931148633360863,0.00247,16,0.2,4.0,19,63
13,10,0.0069352551363408566,0.01157,28,0.2,4.0,20,64
14,1,0.007872266694903374,0.01099,27,0.2,4.0,21,64
14,2,0.008417189121246338,0.00958,19,0.2,4.0,21,64
14,3,0.011863699182868004,0.00902,26,0.2,4.0,20,64
14,4,0.007940958254039288,0.00972,20,0.2,4.0,22,63
14,5,0.007044851779937744,0.00994,22,0.2,4.0,18,62
14,6,0.007282562553882599,0.0051,29,0.2,4.0,23,64
14,7,0.007779671344906092,0.01528,28,0.2,4.0,21,64
14,8,0.0073243677616119385,0.0016,23,0.2,4.0,21,64
14,9,0.007060517556965351,0.00131,16,0.2,4.0,20,63
14,10,0.007856322452425957,0.0137,29,0.2,4.0,21,64
15,1,0.006644534412771463,0.01121,27,0.2,4.0,20,64
15,2,0.013124455697834492,0.00994,21,0.2,4.0,19,64
15,3,0.007342468947172165,0.00895,25,0.2,4.0,21,64
15,4,0.006757419556379318,0.00724,33,0.2,4.0,23,63
15,5,0.007318867836147547,0.01129,23,0.2,4.0,20,62
15,6,0.007397553417831659,0.0056,28,0.2,4.0,24,64
15,7,0.007665743585675955,0.01213,26,0.2,4.0,21,64
15,8,0.0077993785962462425,0.00926,28,0.2,4.0,20,64
15,9,0.008231835439801216,0.00242,27,0.2,4.0,21,63
15,10,0.007748324424028397,0.0115,26,0.2,4.0,21,64
16,1,0.007491304073482752,0.01002,27,0.2,4.0,21,64
16,2,0.007202318403869867,0.01113,27,0.2,4.0,20,64
16,3,0.0073569356463849545,0.00991,24,0.2,4.0,21,64
16,4,0.008107432164251804,0.01085,36,0.2,4.0,22,64
16,5,0.007657510694116354,0.00932,24,0.2,4.0,19,63
16,6,0.007739844731986523,0.0076,28,0.2,4.0,21,64
16,7,0.009325874038040638,0.00802,25,0.2,4.0,21,62
16,8,0.008059495128691196,0.00291,28,0.2,4.0,21,64
16,9,0.00695009995251894,0.00348,24,0.2,4.0,21,63
16,10,0.006932146847248077,0.00966,28,0.2,4.0,20,64
17,1,0.00772316986694932,0.0098,27,0.2,4.0,21,64
17,2,0.007266071625053883,0.01135,30,0.2,4.0,20,64
17,3,0.008513020351529121,0.0112,26,0.2,4.0,21,64
17,4,0.00813244841992855,0.01161,22,0.2,4.0,21,63
17,5,0.007173104677349329,0.00953,27,0.2,4.0,19,63
17,6,0.008071250282227993,0.00589,28,0.2,4.0,20,64
17,7,0.007938439026474953,0.00999,27,0.2,4.0,21,62
17,8,0.0070876991376280785,0.002,26,0.2,4.0,21,64
17,9,0.007181593682616949,0.00905,24,0.2,4.0,20,64
17,10,0.00791680533438921,0.00993,28,0.2,4.0,20,64
18,1,0.007373290602117777,0.01101,27,0.2,4.0,20,64
18,2,0.007715587969869375,0.0104,23,0.2,4.0,20,64
18,3,0.00786117184907198,0.01103,27,0.2,4.0,21,64
18,4,0.006854152772575617,0.01049,28,0.2,4.0,22,63
18,5,0.008047139272093773,0.01096,24,0.2,4.0,18,62
18,6,0.00737315509468317,0.00651,27,0.2,4.0,20,64
18,7,0.007708550896495581,0.0131,27,0.2,4.0,21,63
18,8,0.007081781979650259,0.00924,25,0.2,4.0,21,64
18,9,0.007247751113027334,0.0083,26,0.2,4.0,21,63
18,10,0.0087464340031147,0.0097,27,0.2,4.0,21,64
19,1,0.010411599650979042,0.01084,27,0.2,4.0,20,64
19,2,0.008619081228971481,0.01036,25,0.2,4.0,20,64
19,3,0.00758603448048234,0.00701,27,0.2,4.0,21,64
19,4,0.006329669151455164,0.00863,36,0.2,4.0,23,63
19,5,0.008085610345005989,0.01147,22,0.2,4.0,20,62
19,6,0.007830633781850338,0.00793,27,0.2,4.0,21,64
19,7,0.007898841984570026,0.0143,27,0.2,4.0,21,63
19,8,0.00741572817787528,0.0226,25,0.2,4.0,21,64
19,9,0.0072936490178108215,0.00269,27,0.2,4.0,21,63
19,10,0.008150977082550526,0.01024,27,0.2,4.0,21,64
20,1,0.007432462181895971,0.00953,37,0.2,4.0,23,63
20,2,0.007764223963022232,0.00957,31,0.2,4.0,22,63
20,3,0.006855127867311239,0.00921,36,0.2,4.0,22,63
20,4,0.0077466657385230064,0.00783,39,0.2,4.0,24,63
20,5,0.007435502018779516,0.00857,24,0.2,4.0,20,62
20,6,0.0068145194090902805,0.00877,36,0.2,4.0,23,63
20,7,0.007688251789659262,0.00619,34,0.2,4.0,25,64
20,8,0.007247201167047024,0.00557,27,0.2,4.0,23,63
20,9,0.007381846662610769,0.00425,27,0.2,4.0,21,63
20,10,0.007532499730587006,0.00844,33,0.2,4.0,21,63
21,1,0.008132473565638065,0.00862,28,0.2,4.0,20,63
21,2,0.00769930612295866,0.01057,35,0.2,4.0,23,63
21,3,0.006754172034561634,0.00974,40,0.2,4.0,23,63
21,4,0.007968445308506489,0.00877,38,0.2,4.0,24,63
21,5,0.008393662050366402,0.00843,33,0.2,4.0,19,62
21,6,0.007221200503408909,0.00907,41,0.2,4.0,24,63
21,7,0.0074357218109071255,0.0104,36,0.2,4.0,24,62
21,8,0.009408639743924141,0.00513,36,0.2,4.0,23,64
21,9,0.008339397609233856,0.01127,25,0.2,4.0,23,63
21,10,0.007499405648559332,0.00954,37,0.2,4.0,21,63
22,1,0.00849178433418274,0.00933,24,0.2,4.0,20,64
22,2,0.007411345839500427,0.01014,26,0.2,4.0,23,63
22,3,0.006888880394399166,0.00868,37,0.2,4.0,24,63
22,4,0.007069560699164867,0.00921,34,0.2,4.0,23,63
22,5,0.006742700934410095,0.00904,30,0.2,4.0,23,63
22,6,0.007496201898902655,0.00844,34,0.2,4.0,23,63
22,7,0.007736606057733297,0.014,28,0.2,4.0,22,62
22,8,0.007663656957447529,0.01198,27,0.2,4.0,23,64
22,9,0.00721778953447938,0.00819,37,0.2,4.0,22,63
22,10,0.009433244355022907,0.00995,33,0.2,4.0,21,63
23,1,0.0076974136754870415,0.01089,32,0.2,4.0,21,63
23,2,0.00754884397611022,0.00895,34,0.2,4.0,23,64
23,3,0.007723234593868256,0.00855,39,0.2,4.0,23,63
23,4,0.008473824709653854,0.00881,34,0.2,4.0,23,63
23,5,0.00891188159584999,0.0092,32,0.2,4.0,25,64
23,6,0.007161942310631275,0.00872,34,0.2,4.0,23,63
23,7,0.007374280132353306,0.01118,33,0.2,4.0,22,63
23,8,0.007838137447834015,0.01305,25,0.2,4.0,23,63
23,9,0.007145547308027744,0.00306,23,0.2,4.0,20,63
23,10,0.006887161638587713,0.00796,30,0.2,4.0,24,63
24,1,0.006718487944453955,0.00933,30,0.2,4.0,21,63
24,2,0.007784518413245678,0.00965,34,0.2,4.0,18,64
24,3,0.007899864576756954,0.01002,40,0.2,4.0,23,63
24,4,0.007792128715664148,0.00828,36,0.2,4.0,23,63
24,5,0.0073556071147322655,0.00837,35,0.2,4.0,23,64
24,6,0.010984299704432487,0.00878,36,0.2,4.0,23,63
24,7,0.009709363803267479,0.00966,30,0.2,4.0,23,64
24,8,0.0073186964727938175,0.00864,35,0.2,4.0,22,63
24,9,0.007884679362177849,0.00525,22,0.2,4.0,20,63
24,10,0.008050227537751198,0.00711,32,0.2,4.0,24,63
25,1,0.007880778051912785,0.0082,32,0.2,4.0,23,64
25,2,0.00817128550261259,0.00985,27,0.2,4.0,22,63
25,3,0.00817563384771347,0.00969,39,0.2,4.0,23,63
25,4,0.0075125424191355705,0.00847,36,0.2,4.0,23,63
25,5,0.010002395138144493,0.00826,33,0.2,4.0,22,63
25,6,0.007913387380540371,0.00873,37,0.2,4.0,23,63
25,7,0.007574216928333044,0.00948,35,0.2,4.0,23,62
25,8,0.009417359717190266,0.00763,30,0.2,4.0,21,63
25,9,0.007196793798357248,0.00758,32,0.2,4.0,22,63
25,10,0.007225340697914362,0.00868,32,0.2,4.0,23,63
26,1,0.006511109881103039,0.01044,29,0.2,4.0,21,63
26,2,0.008432460948824883,0.01009,33,0.2,4.0,24,63
26,3,0.007201742380857468,0.00939,36,0.2,4.0,23,63
26,4,0.007756255567073822,0.00885,36,0.2,4.0,23,63
26,5,0.009369922801852226,0.00892,31,0.2,4.0,24,63
26,6,0.007670228835195303,0.00867,36,0.2,4.0,23,63
26,7,0.007833468727767467,0.00981,34,0.2,4.0,23,63
26,8,0.007815154269337654,0.01019,30,0.2,4.0,21,63
26,9,0.007791285868734121,0.00348,40,0.2,4.0,22,63
26,10,0.010221862234175205,0.00929,33,0.2,4.0,23,63
27,1,0.0076899295672774315,0.01061,32,0.2,4.0,20,63
27,2,0.008032095618546009,0.01033,31,0.2,4.0,19,63
27,3,0.006798131857067347,0.00887,35,0.2,4.0,23,63
27,4,0.00856818351894617,0.00866,36,0.2,4.0,23,63
27,5,0.010059760883450508,0.00918,31,0.2,4.0,24,63
27,6,0.006892821751534939,0.00872,36,0.2,4.0,23,63
27,7,0.007337801158428192,0.00954,28,0.2,4.0,22,63
27,8,0.008458198979496956,0.00986,24,0.2,4.0,22,63
27,9,0.00790888536721468,0.00605,21,0.2,4.0,22,63
27,10,0.008386673405766487,0.00877,30,0.2,4.0,24,63
28,1,0.007641634438186884,0.01026,32,0.2,4.0,21,63
28,2,0.00795312412083149,0.00903,31,0.2,4.0,20,63
28,3,0.006782944314181805,0.00885,36,0.2,4.0,23,63
28,4,0.007769192568957806,0.00854,36,0.2,4.0,23,63
28,5,0.007875911891460419,0.00849,34,0.2,4.0,22,64
28,6,0.007579112891107798,0.00866,36,0.2,4.0,23,63
28,7,0.007207013666629791,0.00857,31,0.2,4.0,21,63
28,8,0.007996960543096066,0.00866,32,0.2,4.0,23,63
28,9,0.007047363556921482,0.00801,16,0.2,4.0,21,63
28,10,0.007183830253779888,0.00761,31,0.2,4.0,24,63
29,1,0.010129532776772976,0.00867,27,0.2,4.0,23,63
29,2,0.008576593361794949,0.01051,27,0.2,4.0,24,63
29,3,0.00811567809432745,0.00883,38,0.2,4.0,23,63
29,4,0.008748066611588001,0.00866,36,0.2,4.0,23,63
29,5,0.007147559430450201,0.0083,36,0.2,4.0,23,63
29,6,0.00749331247061491,0.00865,36,0.2,4.0,23,63
29,7,0.007724435534328222,0.00817,37,0.2,4.0,21,63
29,8,0.008383636362850666,0.00859,28,0.2,4.0,21,63
29,9,0.008053616620600224,0.00763,46,0.2,4.0,22,63
29,10,0.007662925869226456,0.00868,31,0.2,4.0,23,63
30,1,0.010202556848526001,0.01027,36,0.2,4.0,21,63
30,2,0.007134009152650833,0.00938,30,0.2,4.0,24,63
30,3,0.0075747547671198845,0.00897,38,0.2,4.0,23,63
30,4,0.007556990720331669,0.00866,36,0.2,4.0,23,63
30,5,0.00809445884078741,0.00885,34,0.2,4.0,23,63
30,6,0.006691084709018469,0.00876,36,0.2,4.0,23,63
30,7,0.008092696778476238,0.00864,38,0.2,4.0,24,63
30,8,0.006560736335813999,0.00939,27,0.2,4.0,21,63
30,9,0.00710879173129797,0.00598,32,0.2,4.0,23,63
30,10,0.009307507425546646,0.00918,37,0.2,4.0,23,63
31,1,0.007403035648167133,0.01144,32,0.2,4.0,22,63
31,2,0.008042609319090843,0.00849,32,0.2,4.0,23,63
31,3,0.007851803675293922,0.00898,39,0.2,4.0,23,63
31,4,0.007905811071395874,0.00861,36,0.2,4.0,23,63
31,5,0.006820737384259701,0.00914,34,0.2,4.0,23,63
31,6,0.007405209355056286,0.00873,36,0.2,4.0,23,63
31,7,0.007254932075738907,0.00882,31,0.2,4.0,25,63
31,8,0.007107036653906107,0.00963,39,0.2,4.0,22,63
31,9,0.0075796544551849365,0.00662,25,0.2,4.0,21,63
31,10,0.00771678239107132,0.00746,38,0.2,4.0,25,63
32,1,0.008156723342835903,0.01131,23,0.2,4.0,23,63
32,2,0.007143083028495312,0.00846,36,0.2,4.0,23,63
32,3,0.00729393819347024,0.00893,39,0.2,4.0,23,63
32,4,0.0070284148678183556,0.00862,36,0.2,4.0,23,63
32,5,0.007530261762440205,0.00861,31,0.2,4.0,23,63
32,6,0.007829904556274414,0.0086,36,0.2,4.0,23,63
32,7,0.007453384343534708,0.00856,32,0.2,4.0,23,63
32,8,0.00923399068415165,0.00903,43,0.2,4.0,23,63
32,9,0.007205325178802013,0.0048,30,0.2,4.0,22,63
32,10,0.009144069626927376,0.0079,27,0.2,4.0,24,63
33,1,0.007593692746013403,0.008,22,0.2,4.0,23,64
33,2,0.009266490116715431,0.00858,34,0.2,4.0,24,63
33,3,0.007492554374039173,0.00914,36,0.2,4.0,23,63
33,4,0.010037903673946857,0.00865,36,0.2,4.0,23,63
33,5,0.007674582302570343,0.00882,30,0.2,4.0,23,63
33,6,0.0071242498233914375,0.00867,36,0.2,4.0,23,63
33,7,0.007164886686950922,0.00844,36,0.2,4.0,21,63
33,8,0.007312874309718609,0.0082,33,0.2,4.0,20,63
33,9,0.007762006483972073,0.004,34,0.2,4.0,21,63
33,10,0.007909869775176048,0.00845,26,0.2,4.0,24,63
34,1,0.007048003375530243,0.00856,32,0.2,4.0,21,63
34,2,0.009135699830949306,0.00929,31,0.2,4.0,23,63
34,3,0.007906853221356869,0.00952,39,0.2,4.0,23,63
34,4,0.008065962232649326,0.00865,36,0.2,4.0,23,63
34,5,0.0077981287613511086,0.00899,35,0.2,4.0,23,63
34,6,0.007417906075716019,0.0087,36,0.2,4.0,23,63
34,7,0.008190814405679703,0.00845,39,0.2,4.0,23,63
34,8,0.008892619982361794,0.00947,27,0.2,4.0,20,64
34,9,0.00922388769686222,0.00303,24,0.2,4.0,22,63
34,10,0.00765981012955308,0.00853,32,0.2,4.0,23,63
35,1,0.010114079341292381,0.01187,33,0.2,4.0,21,63
35,2,0.007563808001577854,0.00885,36,0.2,4.0,23,63
35,3,0.008044919930398464,0.00925,38,0.2,4.0,23,63
35,4,0.00787271372973919,0.00863,36,0.2,4.0,23,63
35,5,0.00768494326621294,0.00886,34,0.2,4.0,23,63
35,6,0.007608392741531134,0.00873,36,0.2,4.0,23,63
35,7,0.0077056908048689365,0.00847,36,0.2,4.0,22,63
35,8,0.007745726499706507,0.01001,32,0.2,4.0,23,63
35,9,0.0073707387782633305,0.00315,27,0.2,4.0,22,63
35,10,0.007874570786952972,0.00823,39,0.2,4.0,23,63
36,1,0.007245662622153759,0.01097,35,0.2,4.0,23,64
36,2,0.007900934666395187,0.00853,36,0.2,4.0,24,63
36,3,0.007731014396995306,0.00952,35,0.2,4.0,23,63
36,4,0.00767425075173378,0.00862,36,0.2,4.0,23,63
36,5,0.007077266927808523,0.00884,33,0.2,4.0,23,63
36,6,0.008062629029154778,0.0087,36,0.2,4.0,23,63
36,7,0.00696216057986021,0.00865,35,0.2,4.0,20,63
36,8,0.0074118017219007015,0.00908,29,0.2,4.0,22,63
36,9,0.00830958690494299,0.00845,39,0.2,4.0,22,63
36,10,0.00729809794574976,0.00848,38,0.2,4.0,24,63
37,1,0.007974093779921532,0.00884,29,0.2,4.0,22,63
37,2,0.007203026209026575,0.00911,30,0.2,4.0,24,63
37,3,0.008277558721601963,0.00954,39,0.2,4.0,23,63
37,4,0.008296218700706959,0.00862,36,0.2,4.0,23,63
37,5,0.008138839155435562,0.0087,35,0.2,4.0,23,63
37,6,0.007735542953014374,0.0086,36,0.2,4.0,23,63
37,7,0.0071123517118394375,0.00873,36,0.2,4.0,21,64
37,8,0.007616224233061075,0.00846,32,0.2,4.0,21,64
37,9,0.006412038113921881,0.00954,42,0.2,4.0,23,63
37,10,0.007408713456243277,0.00863,33,0.2,4.0,24,63
38,1,0.007448331918567419,0.01011,25,0.2,4.0,22,63
38,2,0.008041362278163433,0.00927,32,0.2,4.0,24,63
38,3,0.008220480754971504,0.00936,39,0.2,4.0,23,63
38,4,0.009879146702587605,0.00862,36,0.2,4.0,23,63
38,5,0.0074538784101605415,0.0089,32,0.2,4.0,23,63
38,6,0.006745727267116308,0.00866,36,0.2,4.0,23,63
38,7,0.008058375678956509,0.00867,36,0.2,4.0,21,63
38,8,0.008204145357012749,0.00851,34,0.2,4.0,23,63
38,9,0.007828360423445702,0.00953,42,0.2,4.0,23,63
38,10,0.007278056349605322,0.00781,32,0.2,4.0,23,63
39,1,0.008781882002949715,0.00924,28,0.2,4.0,21,63
39,2,0.0077665760181844234,0.00904,32,0.2,4.0,24,63
39,3,0.008428474888205528,0.00881,37,0.2,4.0,23,63
39,4,0.007358135189861059,0.00864,36,0.2,4.0,23,63
39,5,0.00753250066190958,0.00881,31,0.2,4.0,23,63
39,6,0.00784909725189209,0.00871,36,0.2,4.0,23,63
39,7,0.007886333391070366,0.00856,35,0.2,4.0,22,63
39,8,0.007041590753942728,0.00876,33,0.2,4.0,24,63
39,9,0.008414806798100471,0.00884,37,0.2,4.0,23,63
39,10,0.007912731729447842,0.00841,35,0.2,4.0,23,63
40,1,0.007205267436802387,0.00976,32,0.2,4.0,21,63
40,2,0.007550002541393042,0.00897,36,0.2,4.0,24,63
40,3,0.007396752946078777,0.00899,36,0.2,4.0,23,63
40,4,0.007612920366227627,0.00863,36,0.2,4.0,23,63
40,5,0.008000878617167473,0.009,32,0.2,4.0,23,63
40,6,0.007604627870023251,0.00875,36,0.2,4.0,23,63
40,7,0.007679062895476818,0.00862,35,0.2,4.0,22,63
40,8,0.008116953074932098,0.00917,32,0.2,4.0,20,64
40,9,0.00688053946942091,0.00825,39,0.2,4.0,23,63
40,10,0.007492924574762583,0.00832,35,0.2,4.0,24,63
41,1,0.008610944263637066,0.01038,34,0.2,4.0,22,64
41,2,0.008121995255351067,0.00906,37,0.2,4.0,24,63
41,3,0.007890937849879265,0.01018,41,0.2,4.0,23,63
41,4,0.008624417707324028,0.00863,36,0.2,4.0,23,63
41,5,0.008175699040293694,0.00885,33,0.2,4.0,23,63
41,6,0.007626637816429138,0.00865,36,0.2,4.0,23,63
41,7,0.0075318776071071625,0.00866,35,0.2,4.0,22,63
41,8,0.007578654680401087,0.00915,33,0.2,4.0,21,64
41,9,0.007135237567126751,0.00966,40,0.2,4.0,23,63
41,10,0.008005185052752495,0.00822,35,0.2,4.0,23,63
42,1,0.008142363280057907,0.01047,27,0.2,4.0,22,63
42,2,0.007259832229465246,0.00919,30,0.2,4.0,23,63
42,3,0.007277245633304119,0.00886,40,0.2,4.0,23,63
42,4,0.007767901755869389,0.00863,36,0.2,4.0,23,63
42,5,0.00784758199006319,0.00874,33,0.2,4.0,23,63
42,6,0.0075563727878034115,0.00858,36,0.2,4.0,23,63
42,7,0.006882296409457922,0.00864,36,0.2,4.0,21,63
42,8,0.007953747175633907,0.00933,32,0.2,4.0,23,63
42,9,0.007624604739248753,0.00969,40,0.2,4.0,23,63
42,10,0.0083556417375803,0.00813,33,0.2,4.0,24,63
43,1,0.0070869410410523415,0.00971,35,0.2,4.0,21,63
43,2,0.007974522188305855,0.00871,30,0.2,4.0,24,63
43,3,0.008188462816178799,0.00817,38,0.2,4.0,23,63
43,4,0.008282823488116264,0.00863,36,0.2,4.0,23,63
43,5,0.006850604899227619,0.00891,36,0.2,4.0,23,63
43,6,0.007757042534649372,0.00869,36,0.2,4.0,23,63
43,7,0.008495248854160309,0.00863,36,0.2,4.0,21,63
43,8,0.007831775583326817,0.00905,29,0.2,4.0,23,63
43,9,0.00829392485320568,0.00823,41,0.2,4.0,23,63
43,10,0.007640964351594448,0.00817,34,0.2,4.0,23,63
44,1,0.007208068855106831,0.00979,36,0.2,4.0,22,64
44,2,0.007504334207624197,0.00857,35,0.2,4.0,24,63
44,3,0.007504971232265234,0.00864,37,0.2,4.0,23,63
44,4,0.010598153807222843,0.00863,36,0.2,4.0,23,63
44,5,0.007242340594530106,0.00894,31,0.2,4.0,23,63
44,6,0.0077198161743581295,0.00868,36,0.2,4.0,23,63
44,7,0.007266086991876364,0.00863,36,0.2,4.0,21,63
44,8,0.007125263102352619,0.00906,28,0.2,4.0,21,63
44,9,0.007248799316585064,0.00914,38,0.2,4.0,23,63
44,10,0.007003519684076309,0.00855,32,0.2,4.0,24,63
45,1,0.008476322516798973,0.00947,24,0.2,4.0,21,63
45,2,0.007523048669099808,0.00916,35,0.2,4.0,23,63
45,3,0.00777739193290472,0.00935,37,0.2,4.0,23,63
45,4,0.006742328405380249,0.00863,36,0.2,4.0,23,63
45,5,0.007284472230821848,0.00856,32,0.2,4.0,23,63
45,6,0.007555837742984295,0.00875,36,0.2,4.0,23,63
45,7,0.00719112902879715,0.00865,36,0.2,4.0,22,63
45,8,0.007574866525828838,0.00896,30,0.2,4.0,20,63
45,9,0.0074079870246350765,0.00944,41,0.2,4.0,23,63
45,10,0.00776643818244338,0.00836,32,0.2,4.0,23,63
46,1,0.00727216899394989,0.00962,37,0.2,4.0,22,63
46,2,0.007499735802412033,0.00927,30,0.2,4.0,23,63
46,3,0.006665910594165325,0.0094,38,0.2,4.0,23,63
46,4,0.0076170628890395164,0.00863,36,0.2,4.0,23,63
46,5,0.007749403826892376,0.00862,36,0.2,4.0,23,63
46,6,0.00680827209725976,0.00877,36,0.2,4.0,23,63
46,7,0.0071387020871043205,0.00864,36,0.2,4.0,22,63
46,8,0.007554435171186924,0.00906,30,0.2,4.0,20,63
46,9,0.008614572696387768,0.00946,36,0.2,4.0,23,63
46,10,0.008119497448205948,0.00833,36,0.2,4.0,23,63
47,1,0.007900038734078407,0.00937,40,0.2,4.0,22,63
47,2,0.008517147973179817,0.00905,35,0.2,4.0,23,63
47,3,0.008634818717837334,0.0093,36,0.2,4.0,23,63
47,4,0.00801028497517109,0.00863,36,0.2,4.0,23,63
47,5,0.007605315651744604,0.00918,32,0.2,4.0,23,63
47,6,0.007260517217218876,0.00876,36,0.2,4.0,23,63
47,7,0.00863307062536478,0.00863,36,0.2,4.0,22,63
47,8,0.00891958735883236,0.00877,34,0.2,4.0,21,63
47,9,0.007853182964026928,0.00867,39,0.2,4.0,23,63
47,10,0.007065375801175833,0.00861,33,0.2,4.0,24,63
48,1,0.0073648737743496895,0.00915,20,0.2,4.0,22,63
48,2,0.007313328795135021,0.00897,38,0.2,4.0,25,63
48,3,0.006834345404058695,0.0084,36,0.2,4.0,23,63
48,4,0.008880947716534138,0.00863,36,0.2,4.0,23,63
48,5,0.008180996403098106,0.00924,33,0.2,4.0,23,63
48,6,0.008879989385604858,0.00866,36,0.2,4.0,23,63
48,7,0.007082662079483271,0.00864,36,0.2,4.0,22,63
48,8,0.006584613583981991,0.00864,28,0.2,4.0,21,63
48,9,0.010572439059615135,0.00849,41,0.2,4.0,23,63
48,10,0.008044431917369366,0.00798,31,0.2,4.0,24,63
49,1,0.006727886386215687,0.01101,24,0.2,4.0,22,63
49,2,0.007458826061338186,0.00902,28,0.2,4.0,25,63
49,3,0.007422084454447031,0.00855,36,0.2,4.0,23,63
49,4,0.0073001631535589695,0.00863,36,0.2,4.0,23,63
49,5,0.008171845227479935,0.00847,36,0.2,4.0,23,63
49,6,0.007341480813920498,0.00872,36,0.2,4.0,23,63
49,7,0.008409390226006508,0.00864,36,0.2,4.0,23,63
49,8,0.006994768977165222,0.00969,31,0.2,4.0,22,63
49,9,0.007329939398914576,0.01004,40,0.2,4.0,23,63
49,10,0.007054718676954508,0.0078,33,0.2,4.0,23,63
50,1,0.007786537054926157,0.00848,41,0.2,4.0,22,63
50,2,0.007457828614860773,0.00915,35,0.2,4.0,23,63
50,3,0.006952005438506603,0.00884,38,0.2,4.0,23,63
50,4,0.006753104273229837,0.00863,36,0.2,4.0,23,63
50,5,0.006783748511224985,0.00842,29,0.2,4.0,23,63
50,6,0.01863318309187889,0.0087,36,0.2,4.0,23,63
50,7,0.007626287639141083,0.00864,36,0.2,4.0,22,63
50,8,0.008338702842593193,0.00886,37,0.2,4.0,23,63
50,9,0.008389228954911232,0.01034,37,0.2,4.0,23,63
50,10,0.007489874958992004,0.00888,31,0.2,4.0,23,63
